{
  "accuracy": 0.717948717948718,
  "precision": 0.7661691542288557,
  "recall": 0.7897435897435897,
  "auc": 0.7732084155161077,
  "confusion_matrix": [
    [
      140,
      94
    ],
    [
      82,
      308
    ]
  ],
  "model_path": "output/simple_cnn_tuned.keras",
  "history_csv": "output/history.csv",
  "chosen_threshold": 0.4272156357765198,
  "threshold_selection_method": "recall_target_0.99"
}