{"accuracy": [0.7450153231620789, 0.8529524803161621, 0.8843941688537598, 0.9133435487747192, 0.9118098020553589, 0.9206288456916809, 0.9288727045059204, 0.9271472096443176, 0.925230085849762, 0.9309815764427185], "auc": [0.8684785962104797, 0.9373946189880371, 0.9458693861961365, 0.9555915594100952, 0.9579490423202515, 0.9580837488174438, 0.9649030566215515, 0.9666987061500549, 0.9661917686462402, 0.9736722707748413], "loss": [0.21652981638908386, 0.12336931377649307, 0.09382601082324982, 0.07056690007448196, 0.06274682283401489, 0.053035251796245575, 0.04757344722747803, 0.04495490342378616, 0.043735187500715256, 0.04021449759602547], "recall": [0.7117419242858887, 0.8397419452667236, 0.8941935300827026, 0.9295483827590942, 0.9357419610023499, 0.953806459903717, 0.9584516286849976, 0.9630967974662781, 0.965935468673706, 0.9705806374549866], "val_accuracy": [0.8125, 0.8125, 0.6875, 0.75, 0.6875, 0.625, 0.625, 0.625, 0.625, 0.625], "val_auc": [0.890625, 0.90625, 0.9375, 0.890625, 0.953125, 0.90625, 0.8125, 0.859375, 0.984375, 1.0], "val_loss": [0.0832848846912384, 0.08065559715032578, 0.07568643987178802, 0.07308615744113922, 0.07002142071723938, 0.08554042875766754, 0.1066756471991539, 0.09410974383354187, 0.10171191394329071, 0.09850895404815674], "val_recall": [0.875, 0.875, 0.875, 1.0, 1.0, 1.0, 1.0, 1.0, 1.0, 1.0]}