{"accuracy": [0.8498849868774414, 0.9323236346244812, 0.9516870975494385, 0.9572469592094421, 0.9677914381027222, 0.9725843667984009, 0.9708588719367981, 0.9760352969169617, 0.9794861674308777, 0.9833205342292786, 0.9814033508300781], "auc": [0.9612782597541809, 0.9832894802093506, 0.9903941750526428, 0.9922991991043091, 0.9937214851379395, 0.9956468343734741, 0.99588942527771, 0.9963718056678772, 0.9976682662963867, 0.9979372620582581, 0.9981775879859924], "loss": [0.29626211524009705, 0.17602592706680298, 0.13075630366802216, 0.11477554589509964, 0.09564873576164246, 0.08223669975996017, 0.07743924111127853, 0.07025439292192459, 0.05781763419508934, 0.05372512713074684, 0.05025321990251541], "precision": [0.9783415794372559, 0.985927164554596, 0.9884065985679626, 0.9903329610824585, 0.9915142059326172, 0.9931289553642273, 0.9912905693054199, 0.9923844337463379, 0.9929356575012207, 0.9960712194442749, 0.9939853549003601], "val_accuracy": [0.5, 0.5, 0.5, 0.5, 0.5625, 0.5, 0.5625, 0.5, 0.5, 0.5625, 0.5], "val_auc": [0.453125, 0.40625, 0.796875, 0.59375, 0.75, 0.5, 0.5625, 0.734375, 0.5, 0.7890625, 0.8046875], "val_loss": [0.7313637137413025, 1.1603178977966309, 0.8726969361305237, 1.2938100099563599, 7.90560245513916, 253.23373413085938, 1235.29638671875, 2.2271358966827393, 30.6500244140625, 1.2203140258789062, 1.7705711126327515], "val_precision": [0.5, 0.5, 0.5, 0.5, 0.5333333611488342, 0.5, 0.5333333611488342, 0.5, 0.5, 0.5333333611488342, 0.5]}