{
  "best_pair": {
    "T1": 0.049999999999999996,
    "T2": 0.4
  },
  "metrics": {
    "T1": 0.049999999999999996,
    "T2": 0.4,
    "precision": 0.6363636363636364,
    "recall": 0.875,
    "f1": 0.7368421052631579,
    "accuracy": 0.6875,
    "auc_estimate": 0.65625,
    "confusion_matrix": [
      [
        4,
        4
      ],
      [
        1,
        7
      ]
    ]
  }
}