{
  "best_and_val": {
    "T1": 0.0,
    "T2": 0.05,
    "metrics": {
      "precision": 0.8888888888888888,
      "recall": 1.0,
      "f1": 0.9411764705882353,
      "accuracy": 0.9375,
      "auc": 0.984375,
      "confusion_matrix": [
        [
          7,
          1
        ],
        [
          0,
          8
        ]
      ],
      "T1": 0.0,
      "T2": 0.05
    }
  },
  "best_or_val": {
    "T1": 0.4,
    "T2": 0.04,
    "metrics": {
      "precision": 0.6153846153846154,
      "recall": 1.0,
      "f1": 0.7619047619047619,
      "accuracy": 0.6875,
      "auc": 0.84375,
      "confusion_matrix": [
        [
          3,
          5
        ],
        [
          0,
          8
        ]
      ],
      "T1": 0.4,
      "T2": 0.04
    }
  },
  "and_on_test": {
    "precision": 0.680140597539543,
    "recall": 0.9923076923076923,
    "f1": 0.8070907194994786,
    "accuracy": 0.7035256410256411,
    "auc": 0.8152969537584923,
    "confusion_matrix": [
      [
        52,
        182
      ],
      [
        3,
        387
      ]
    ]
  },
  "or_on_test": {
    "precision": 0.6587837837837838,
    "recall": 1.0,
    "f1": 0.7942973523421588,
    "accuracy": 0.6762820512820513,
    "auc": 0.8421433267587114,
    "confusion_matrix": [
      [
        32,
        202
      ],
      [
        0,
        390
      ]
    ]
  },
  "meta_on_test": {
    "precision": 0.7315689981096408,
    "recall": 0.9923076923076923,
    "f1": 0.8422198041349293,
    "accuracy": 0.7676282051282052,
    "auc": 0.859445540214771,
    "confusion_matrix": [
      [
        92,
        142
      ],
      [
        3,
        387
      ]
    ],
    "threshold": 0.3034673366834171
  }
}